[{"model": "auth.permission", "pk": 1, "fields": {"name": "Can add log entry", "content_type": 1, "codename": "add_logentry"}}, {"model": "auth.permission", "pk": 2, "fields": {"name": "Can change log entry", "content_type": 1, "codename": "change_logentry"}}, {"model": "auth.permission", "pk": 3, "fields": {"name": "Can delete log entry", "content_type": 1, "codename": "delete_logentry"}}, {"model": "auth.permission", "pk": 4, "fields": {"name": "Can view log entry", "content_type": 1, "codename": "view_logentry"}}, {"model": "auth.permission", "pk": 5, "fields": {"name": "Can add permission", "content_type": 2, "codename": "add_permission"}}, {"model": "auth.permission", "pk": 6, "fields": {"name": "Can change permission", "content_type": 2, "codename": "change_permission"}}, {"model": "auth.permission", "pk": 7, "fields": {"name": "Can delete permission", "content_type": 2, "codename": "delete_permission"}}, {"model": "auth.permission", "pk": 8, "fields": {"name": "Can view permission", "content_type": 2, "codename": "view_permission"}}, {"model": "auth.permission", "pk": 9, "fields": {"name": "Can add group", "content_type": 3, "codename": "add_group"}}, {"model": "auth.permission", "pk": 10, "fields": {"name": "Can change group", "content_type": 3, "codename": "change_group"}}, {"model": "auth.permission", "pk": 11, "fields": {"name": "Can delete group", "content_type": 3, "codename": "delete_group"}}, {"model": "auth.permission", "pk": 12, "fields": {"name": "Can view group", "content_type": 3, "codename": "view_group"}}, {"model": "auth.permission", "pk": 13, "fields": {"name": "Can add content type", "content_type": 4, "codename": "add_contenttype"}}, {"model": "auth.permission", "pk": 14, "fields": {"name": "Can change content type", "content_type": 4, "codename": "change_contenttype"}}, {"model": "auth.permission", "pk": 15, "fields": {"name": "Can delete content type", "content_type": 4, "codename": "delete_contenttype"}}, {"model": "auth.permission", "pk": 16, "fields": {"name": "Can view content type", "content_type": 4, "codename": "view_contenttype"}}, {"model": "auth.permission", "pk": 17, "fields": {"name": "Can add session", "content_type": 5, "codename": "add_session"}}, {"model": "auth.permission", "pk": 18, "fields": {"name": "Can change session", "content_type": 5, "codename": "change_session"}}, {"model": "auth.permission", "pk": 19, "fields": {"name": "Can delete session", "content_type": 5, "codename": "delete_session"}}, {"model": "auth.permission", "pk": 20, "fields": {"name": "Can view session", "content_type": 5, "codename": "view_session"}}, {"model": "auth.permission", "pk": 21, "fields": {"name": "Can add brand", "content_type": 6, "codename": "add_brand"}}, {"model": "auth.permission", "pk": 22, "fields": {"name": "Can change brand", "content_type": 6, "codename": "change_brand"}}, {"model": "auth.permission", "pk": 23, "fields": {"name": "Can delete brand", "content_type": 6, "codename": "delete_brand"}}, {"model": "auth.permission", "pk": 24, "fields": {"name": "Can view brand", "content_type": 6, "codename": "view_brand"}}, {"model": "auth.permission", "pk": 25, "fields": {"name": "Can add category", "content_type": 7, "codename": "add_category"}}, {"model": "auth.permission", "pk": 26, "fields": {"name": "Can change category", "content_type": 7, "codename": "change_category"}}, {"model": "auth.permission", "pk": 27, "fields": {"name": "Can delete category", "content_type": 7, "codename": "delete_category"}}, {"model": "auth.permission", "pk": 28, "fields": {"name": "Can view category", "content_type": 7, "codename": "view_category"}}, {"model": "auth.permission", "pk": 29, "fields": {"name": "Can add gender", "content_type": 8, "codename": "add_gender"}}, {"model": "auth.permission", "pk": 30, "fields": {"name": "Can change gender", "content_type": 8, "codename": "change_gender"}}, {"model": "auth.permission", "pk": 31, "fields": {"name": "Can delete gender", "content_type": 8, "codename": "delete_gender"}}, {"model": "auth.permission", "pk": 32, "fields": {"name": "Can view gender", "content_type": 8, "codename": "view_gender"}}, {"model": "auth.permission", "pk": 33, "fields": {"name": "Can add menu category", "content_type": 9, "codename": "add_menucategory"}}, {"model": "auth.permission", "pk": 34, "fields": {"name": "Can change menu category", "content_type": 9, "codename": "change_menucategory"}}, {"model": "auth.permission", "pk": 35, "fields": {"name": "Can delete menu category", "content_type": 9, "codename": "delete_menucategory"}}, {"model": "auth.permission", "pk": 36, "fields": {"name": "Can view menu category", "content_type": 9, "codename": "view_menucategory"}}, {"model": "auth.permission", "pk": 37, "fields": {"name": "Can add product", "content_type": 10, "codename": "add_product"}}, {"model": "auth.permission", "pk": 38, "fields": {"name": "Can change product", "content_type": 10, "codename": "change_product"}}, {"model": "auth.permission", "pk": 39, "fields": {"name": "Can delete product", "content_type": 10, "codename": "delete_product"}}, {"model": "auth.permission", "pk": 40, "fields": {"name": "Can view product", "content_type": 10, "codename": "view_product"}}, {"model": "auth.permission", "pk": 41, "fields": {"name": "Can add size", "content_type": 11, "codename": "add_size"}}, {"model": "auth.permission", "pk": 42, "fields": {"name": "Can change size", "content_type": 11, "codename": "change_size"}}, {"model": "auth.permission", "pk": 43, "fields": {"name": "Can delete size", "content_type": 11, "codename": "delete_size"}}, {"model": "auth.permission", "pk": 44, "fields": {"name": "Can view size", "content_type": 11, "codename": "view_size"}}, {"model": "auth.permission", "pk": 45, "fields": {"name": "Can add user", "content_type": 12, "codename": "add_shopuser"}}, {"model": "auth.permission", "pk": 46, "fields": {"name": "Can change user", "content_type": 12, "codename": "change_shopuser"}}, {"model": "auth.permission", "pk": 47, "fields": {"name": "Can delete user", "content_type": 12, "codename": "delete_shopuser"}}, {"model": "auth.permission", "pk": 48, "fields": {"name": "Can view user", "content_type": 12, "codename": "view_shopuser"}}, {"model": "auth.permission", "pk": 49, "fields": {"name": "Can add basket", "content_type": 13, "codename": "add_basket"}}, {"model": "auth.permission", "pk": 50, "fields": {"name": "Can change basket", "content_type": 13, "codename": "change_basket"}}, {"model": "auth.permission", "pk": 51, "fields": {"name": "Can delete basket", "content_type": 13, "codename": "delete_basket"}}, {"model": "auth.permission", "pk": 52, "fields": {"name": "Can view basket", "content_type": 13, "codename": "view_basket"}}, {"model": "auth.permission", "pk": 53, "fields": {"name": "Can add association", "content_type": 14, "codename": "add_association"}}, {"model": "auth.permission", "pk": 54, "fields": {"name": "Can change association", "content_type": 14, "codename": "change_association"}}, {"model": "auth.permission", "pk": 55, "fields": {"name": "Can delete association", "content_type": 14, "codename": "delete_association"}}, {"model": "auth.permission", "pk": 56, "fields": {"name": "Can view association", "content_type": 14, "codename": "view_association"}}, {"model": "auth.permission", "pk": 57, "fields": {"name": "Can add code", "content_type": 15, "codename": "add_code"}}, {"model": "auth.permission", "pk": 58, "fields": {"name": "Can change code", "content_type": 15, "codename": "change_code"}}, {"model": "auth.permission", "pk": 59, "fields": {"name": "Can delete code", "content_type": 15, "codename": "delete_code"}}, {"model": "auth.permission", "pk": 60, "fields": {"name": "Can view code", "content_type": 15, "codename": "view_code"}}, {"model": "auth.permission", "pk": 61, "fields": {"name": "Can add nonce", "content_type": 16, "codename": "add_nonce"}}, {"model": "auth.permission", "pk": 62, "fields": {"name": "Can change nonce", "content_type": 16, "codename": "change_nonce"}}, {"model": "auth.permission", "pk": 63, "fields": {"name": "Can delete nonce", "content_type": 16, "codename": "delete_nonce"}}, {"model": "auth.permission", "pk": 64, "fields": {"name": "Can view nonce", "content_type": 16, "codename": "view_nonce"}}, {"model": "auth.permission", "pk": 65, "fields": {"name": "Can add user social auth", "content_type": 17, "codename": "add_usersocialauth"}}, {"model": "auth.permission", "pk": 66, "fields": {"name": "Can change user social auth", "content_type": 17, "codename": "change_usersocialauth"}}, {"model": "auth.permission", "pk": 67, "fields": {"name": "Can delete user social auth", "content_type": 17, "codename": "delete_usersocialauth"}}, {"model": "auth.permission", "pk": 68, "fields": {"name": "Can view user social auth", "content_type": 17, "codename": "view_usersocialauth"}}, {"model": "auth.permission", "pk": 69, "fields": {"name": "Can add partial", "content_type": 18, "codename": "add_partial"}}, {"model": "auth.permission", "pk": 70, "fields": {"name": "Can change partial", "content_type": 18, "codename": "change_partial"}}, {"model": "auth.permission", "pk": 71, "fields": {"name": "Can delete partial", "content_type": 18, "codename": "delete_partial"}}, {"model": "auth.permission", "pk": 72, "fields": {"name": "Can view partial", "content_type": 18, "codename": "view_partial"}}, {"model": "auth.permission", "pk": 73, "fields": {"name": "Can add shop user profile", "content_type": 19, "codename": "add_shopuserprofile"}}, {"model": "auth.permission", "pk": 74, "fields": {"name": "Can change shop user profile", "content_type": 19, "codename": "change_shopuserprofile"}}, {"model": "auth.permission", "pk": 75, "fields": {"name": "Can delete shop user profile", "content_type": 19, "codename": "delete_shopuserprofile"}}, {"model": "auth.permission", "pk": 76, "fields": {"name": "Can view shop user profile", "content_type": 19, "codename": "view_shopuserprofile"}}, {"model": "auth.permission", "pk": 77, "fields": {"name": "Can add \u0437\u0430\u043a\u0430\u0437", "content_type": 20, "codename": "add_order"}}, {"model": "auth.permission", "pk": 78, "fields": {"name": "Can change \u0437\u0430\u043a\u0430\u0437", "content_type": 20, "codename": "change_order"}}, {"model": "auth.permission", "pk": 79, "fields": {"name": "Can delete \u0437\u0430\u043a\u0430\u0437", "content_type": 20, "codename": "delete_order"}}, {"model": "auth.permission", "pk": 80, "fields": {"name": "Can view \u0437\u0430\u043a\u0430\u0437", "content_type": 20, "codename": "view_order"}}, {"model": "auth.permission", "pk": 81, "fields": {"name": "Can add order item", "content_type": 21, "codename": "add_orderitem"}}, {"model": "auth.permission", "pk": 82, "fields": {"name": "Can change order item", "content_type": 21, "codename": "change_orderitem"}}, {"model": "auth.permission", "pk": 83, "fields": {"name": "Can delete order item", "content_type": 21, "codename": "delete_orderitem"}}, {"model": "auth.permission", "pk": 84, "fields": {"name": "Can view order item", "content_type": 21, "codename": "view_orderitem"}}, {"model": "sessions.session", "pk": "0cntyv570ux4nldmqzm8d1bcno28c0pe", "fields": {"session_data": "MjE5YzM1MzI4NzhmZmYyYThmMzk5ZjZlY2Y3OTIyZmFjYTIyY2RmNDp7Il9hdXRoX3VzZXJfaWQiOiIxIiwiX2F1dGhfdXNlcl9iYWNrZW5kIjoiZGphbmdvLmNvbnRyaWIuYXV0aC5iYWNrZW5kcy5Nb2RlbEJhY2tlbmQiLCJfYXV0aF91c2VyX2hhc2giOiI2MjQyY2I2NzEyZmZmZDlmYmZjNDlmMTQ4ZjRiNDM2OTExNmYxM2EwIn0=", "expire_date": "2019-02-04T12:09:07.176Z"}}, {"model": "sessions.session", "pk": "162ihhdsokcpm8j8c66xsxj32sixmtr2", "fields": {"session_data": "YThkMWQ3YzFhMWVmYTJhYWNhYTUyMTNkZTgzZWFkN2Q5ODI2NmY1ZDp7Il9hdXRoX3VzZXJfaWQiOiIyIiwiX2F1dGhfdXNlcl9iYWNrZW5kIjoiZGphbmdvLmNvbnRyaWIuYXV0aC5iYWNrZW5kcy5Nb2RlbEJhY2tlbmQiLCJfYXV0aF91c2VyX2hhc2giOiIzNTZjMTllYTc1MDA0YzkwMTA2NzU4ODY4ZDQxOTgyZTA1NzcxMGE2In0=", "expire_date": "2019-01-28T06:40:34.818Z"}}, {"model": "sessions.session", "pk": "3g8ccm8yz7rvq20a1xyotkuc79bv5nsq", "fields": {"session_data": "MDgwNjdkZDFjZWNjOGU5NzNlMzM5OWE1MjYyOTQ5Y2M4NTU4YTQ1Zjp7Im5leHQiOiIvIiwiZ29vZ2xlLW9hdXRoMl9zdGF0ZSI6IjEyMUZmbmtha0lSMmx4blFPVkU5ZkZ4QW1HNnhyaUxmIiwiX2F1dGhfdXNlcl9pZCI6IjkiLCJfYXV0aF91c2VyX2JhY2tlbmQiOiJzb2NpYWxfY29yZS5iYWNrZW5kcy5nb29nbGUuR29vZ2xlT0F1dGgyIiwiX2F1dGhfdXNlcl9oYXNoIjoiM2U5ZjcxMjdmYWMyNmU5ZjdhNGNjNTMzYzU2MGY2ZDkzYWFmNzk1MiIsInNvY2lhbF9hdXRoX2xhc3RfbG9naW5fYmFja2VuZCI6Imdvb2dsZS1vYXV0aDIifQ==", "expire_date": "2019-03-06T10:27:27.135Z"}}, {"model": "sessions.session", "pk": "fkvfhme3nkzowpp5a8jc0lp1gjg8tosa", "fields": {"session_data": "ZmRiMjBjNDJiZmE0NjljZjlmMTVkNDhhN2M3ZjY0MzU5MTFjY2U5Mjp7Il9hdXRoX3VzZXJfaWQiOiI4IiwiX2F1dGhfdXNlcl9iYWNrZW5kIjoiZGphbmdvLmNvbnRyaWIuYXV0aC5iYWNrZW5kcy5Nb2RlbEJhY2tlbmQiLCJfYXV0aF91c2VyX2hhc2giOiJlMjRlZjdmZjRmOTJlNmIxZWU4NTI3NDMxODJjNDYxN2YzMDU5MDVmIn0=", "expire_date": "2019-02-11T16:35:12.639Z"}}, {"model": "sessions.session", "pk": "hscuv6e07kv8oh3yo7zyjzj309zrnywz", "fields": {"session_data": "MjE5YzM1MzI4NzhmZmYyYThmMzk5ZjZlY2Y3OTIyZmFjYTIyY2RmNDp7Il9hdXRoX3VzZXJfaWQiOiIxIiwiX2F1dGhfdXNlcl9iYWNrZW5kIjoiZGphbmdvLmNvbnRyaWIuYXV0aC5iYWNrZW5kcy5Nb2RlbEJhY2tlbmQiLCJfYXV0aF91c2VyX2hhc2giOiI2MjQyY2I2NzEyZmZmZDlmYmZjNDlmMTQ4ZjRiNDM2OTExNmYxM2EwIn0=", "expire_date": "2019-02-04T16:13:26.514Z"}}, {"model": "sessions.session", "pk": "l3bpdl19mz4dg2sv0jo7u5gjv28e02oc", "fields": {"session_data": "YWM4MjlhNDMyMjg2MzcyNTY5ZDkxOWU4M2IzY2ZiNGEwNGM1YWQ1OTp7fQ==", "expire_date": "2019-01-23T16:54:04.269Z"}}, {"model": "sessions.session", "pk": "nfc0xslrebr8y4p5t9k0sw83wb0j5u4y", "fields": {"session_data": "NzA2YmQ2OWFhNzFkNTNhYTgwMjlhZjQ3NzAyZWRiNzExMTg2Y2U4MDp7Im5leHQiOiIvIiwiZ29vZ2xlLW9hdXRoMl9zdGF0ZSI6Ilo1RDY0WjdiVHFONHNTMjM3cVBDZnNVQ1U2dzMyUWZrIiwiX2F1dGhfdXNlcl9pZCI6IjkiLCJfYXV0aF91c2VyX2JhY2tlbmQiOiJzb2NpYWxfY29yZS5iYWNrZW5kcy5nb29nbGUuR29vZ2xlT0F1dGgyIiwiX2F1dGhfdXNlcl9oYXNoIjoiM2U5ZjcxMjdmYWMyNmU5ZjdhNGNjNTMzYzU2MGY2ZDkzYWFmNzk1MiIsInNvY2lhbF9hdXRoX2xhc3RfbG9naW5fYmFja2VuZCI6Imdvb2dsZS1vYXV0aDIifQ==", "expire_date": "2019-02-26T08:45:54.203Z"}}, {"model": "sessions.session", "pk": "q60u811ma0pnpa24vm8ongpt9n4l1h8w", "fields": {"session_data": "MjE5YzM1MzI4NzhmZmYyYThmMzk5ZjZlY2Y3OTIyZmFjYTIyY2RmNDp7Il9hdXRoX3VzZXJfaWQiOiIxIiwiX2F1dGhfdXNlcl9iYWNrZW5kIjoiZGphbmdvLmNvbnRyaWIuYXV0aC5iYWNrZW5kcy5Nb2RlbEJhY2tlbmQiLCJfYXV0aF91c2VyX2hhc2giOiI2MjQyY2I2NzEyZmZmZDlmYmZjNDlmMTQ4ZjRiNDM2OTExNmYxM2EwIn0=", "expire_date": "2019-02-04T12:52:08.820Z"}}, {"model": "sessions.session", "pk": "s3qv4swrwopjl101sl40b68x10sl16ng", "fields": {"session_data": "YWM4MjlhNDMyMjg2MzcyNTY5ZDkxOWU4M2IzY2ZiNGEwNGM1YWQ1OTp7fQ==", "expire_date": "2019-02-18T17:01:20.545Z"}}, {"model": "sessions.session", "pk": "uqxf5i49oa5qgs5l5zbfgxg5g9ua4ecr", "fields": {"session_data": "YWVhZjU3YjI4YmJmMzQ3OTVkMzczZjkwOTBjYzQzNjk2NjFhY2E4NTp7Im5leHQiOiIvIiwiZ29vZ2xlLW9hdXRoMl9zdGF0ZSI6Im90dkdORnNkVXExZVQzcjNSQTRqdkduTEZZSGk2T29UIiwiX2F1dGhfdXNlcl9pZCI6IjkiLCJfYXV0aF91c2VyX2JhY2tlbmQiOiJzb2NpYWxfY29yZS5iYWNrZW5kcy5nb29nbGUuR29vZ2xlT0F1dGgyIiwiX2F1dGhfdXNlcl9oYXNoIjoiM2U5ZjcxMjdmYWMyNmU5ZjdhNGNjNTMzYzU2MGY2ZDkzYWFmNzk1MiIsInNvY2lhbF9hdXRoX2xhc3RfbG9naW5fYmFja2VuZCI6Imdvb2dsZS1vYXV0aDIifQ==", "expire_date": "2019-02-27T19:24:37.668Z"}}, {"model": "sessions.session", "pk": "y4bbh5e6s23nkz97ey7hpyxwktdxhax0", "fields": {"session_data": "YWM4MjlhNDMyMjg2MzcyNTY5ZDkxOWU4M2IzY2ZiNGEwNGM1YWQ1OTp7fQ==", "expire_date": "2019-02-18T17:01:36.588Z"}}, {"model": "sessions.session", "pk": "y4p7enqzblsiw46ebzls94uzohtp5fl1", "fields": {"session_data": "ZDQ3ZWU1YjA1YTkxYzdkODI3NTM2NWIzNTBkMzI2YTFkYzMzMjMxZTp7Im5leHQiOiIvIiwiZ29vZ2xlLW9hdXRoMl9zdGF0ZSI6InlOQVdDR1ppb0o5MHhlVHJyUUZrTWFtOXN4VExvaUhSIiwiX2F1dGhfdXNlcl9pZCI6IjkiLCJfYXV0aF91c2VyX2JhY2tlbmQiOiJzb2NpYWxfY29yZS5iYWNrZW5kcy5nb29nbGUuR29vZ2xlT0F1dGgyIiwiX2F1dGhfdXNlcl9oYXNoIjoiM2U5ZjcxMjdmYWMyNmU5ZjdhNGNjNTMzYzU2MGY2ZDkzYWFmNzk1MiIsInNvY2lhbF9hdXRoX2xhc3RfbG9naW5fYmFja2VuZCI6Imdvb2dsZS1vYXV0aDIifQ==", "expire_date": "2019-02-19T06:28:39.246Z"}}, {"model": "mainapp.gender", "pk": 1, "fields": {"name": "Women"}}, {"model": "mainapp.gender", "pk": 2, "fields": {"name": "Men"}}, {"model": "mainapp.gender", "pk": 3, "fields": {"name": "unisex"}}, {"model": "mainapp.category", "pk": 1, "fields": {"name": "Outerwear"}}, {"model": "mainapp.category", "pk": 2, "fields": {"name": "Wetsuits"}}, {"model": "mainapp.category", "pk": 3, "fields": {"name": "Kids"}}, {"model": "mainapp.category", "pk": 4, "fields": {"name": "Women"}}, {"model": "mainapp.category", "pk": 5, "fields": {"name": "Men"}}, {"model": "mainapp.menucategory", "pk": 1, "fields": {"name": "Contact", "url": "contact"}}, {"model": "mainapp.menucategory", "pk": 2, "fields": {"name": "About", "url": "apparel"}}, {"model": "mainapp.menucategory", "pk": 3, "fields": {"name": "Sale", "url": "apparel"}}, {"model": "mainapp.menucategory", "pk": 4, "fields": {"name": "Accessories", "url": "apparel"}}, {"model": "mainapp.menucategory", "pk": 5, "fields": {"name": "Kitesurf", "url": "apparel"}}, {"model": "mainapp.menucategory", "pk": 6, "fields": {"name": "WindSurf", "url": "apparel"}}, {"model": "mainapp.menucategory", "pk": 7, "fields": {"name": "Surf Apparel", "url": "apparel"}}, {"model": "mainapp.menucategory", "pk": 8, "fields": {"name": "Apparel", "url": "apparel"}}, {"model": "mainapp.brand", "pk": 1, "fields": {"name": "JACKSS"}}, {"model": "mainapp.brand", "pk": 2, "fields": {"name": "RIPCURL"}}, {"model": "mainapp.brand", "pk": 3, "fields": {"name": "QUIKSILVER"}}, {"model": "mainapp.brand", "pk": 4, "fields": {"name": "REEF"}}, {"model": "mainapp.brand", "pk": 5, "fields": {"name": "OAKLEY"}}, {"model": "mainapp.brand", "pk": 6, "fields": {"name": "O'NEILL"}}, {"model": "mainapp.brand", "pk": 7, "fields": {"name": "ELEMENT"}}, {"model": "mainapp.brand", "pk": 8, "fields": {"name": "BILLABONG"}}, {"model": "mainapp.size", "pk": 1, "fields": {"name": "28"}}, {"model": "mainapp.size", "pk": 2, "fields": {"name": "29"}}, {"model": "mainapp.size", "pk": 3, "fields": {"name": "30"}}, {"model": "mainapp.size", "pk": 4, "fields": {"name": "31"}}, {"model": "mainapp.size", "pk": 5, "fields": {"name": "32"}}, {"model": "mainapp.size", "pk": 6, "fields": {"name": "33"}}, {"model": "mainapp.size", "pk": 7, "fields": {"name": "34"}}, {"model": "mainapp.size", "pk": 8, "fields": {"name": "35"}}, {"model": "mainapp.product", "pk": 1, "fields": {"name": "PEEKY CROPPED", "gender": 1, "category": 4, "menu_category": 8, "brand": 8, "price": 140, "discount_price": 120, "quick_overview": "Nam liber tempor cum soluta nobis eleifend option congue nihil imperdiet doming id quod mazim placerat facer possim assum. Typi non habent claritatem insitam; es", "full_description": "Nam liber tempor cum soluta nobis eleifend option congue nihil imperdiet doming id quod mazim placerat facer possim assum. Typi non habent claritatem insitamNam liber tempor cum soluta nobis eleifend option congue nihil imperdiet doming id quod mazim placerat facer possim assum. Typi non habent claritatem insitam", "additional_information": "Nam liber tempor cum soluta nobis eleifend option congue nihil imperdiet doming id quod mazim placerat facer possim assum. Typi non habent claritatem insitamNam liber tempor cum soluta nobis eleifend option congue nihil imperdiet doming id quod mazim placerat facer possim assum. Typi non habent claritatem insitam", "size": 1, "length": 32, "quantity": 2, "reviews": 1, "image": "products/s1.jpg", "is_active": true}}, {"model": "mainapp.product", "pk": 2, "fields": {"name": "PEEKY PEEKY", "gender": 1, "category": 4, "menu_category": 8, "brand": 8, "price": 120, "discount_price": 100, "quick_overview": "Nam liber tempor cum soluta nobis eleifend option congue nihil imperdiet doming id quod mazim placerat facer possim assum. Typi non habent claritatem insitam; es", "full_description": "Nam liber tempor cum soluta nobis eleifend option congue nihil imperdiet doming id quod mazim placerat facer possim assum. Typi non habent claritatem insitamNam liber tempor cum soluta nobis eleifend option congue nihil imperdiet doming id quod mazim placerat facer possim assum. Typi non habent claritatem insitam", "additional_information": "Nam liber tempor cum soluta nobis eleifend option congue nihil imperdiet doming id quod mazim placerat facer possim assum. Typi non habent claritatem insitamNam liber tempor cum soluta nobis eleifend option congue nihil imperdiet doming id quod mazim placerat facer possim assum. Typi non habent claritatem insitam", "size": 1, "length": 32, "quantity": -8, "reviews": 1, "image": "products/s2.jpg", "is_active": true}}, {"model": "mainapp.product", "pk": 3, "fields": {"name": "CROPPED CROPPED", "gender": 1, "category": 4, "menu_category": 8, "brand": 8, "price": 200, "discount_price": 190, "quick_overview": "Nam liber tempor cum soluta nobis eleifend option congue nihil imperdiet doming id quod mazim placerat facer possim assum. Typi non habent claritatem insitam; es", "full_description": "Nam liber tempor cum soluta nobis eleifend option congue nihil imperdiet doming id quod mazim placerat facer possim assum. Typi non habent claritatem insitamNam liber tempor cum soluta nobis eleifend option congue nihil imperdiet doming id quod mazim placerat facer possim assum. Typi non habent claritatem insitam", "additional_information": "Nam liber tempor cum soluta nobis eleifend option congue nihil imperdiet doming id quod mazim placerat facer possim assum. Typi non habent claritatem insitamNam liber tempor cum soluta nobis eleifend option congue nihil imperdiet doming id quod mazim placerat facer possim assum. Typi non habent claritatem insitam", "size": 1, "length": 32, "quantity": 2, "reviews": 1, "image": "products/s3.jpg", "is_active": true}}, {"model": "authapp.shopuser", "pk": 1, "fields": {"password": "pbkdf2_sha256$120000$guI50Ja4jxCa$BDIsuhf/aIRjMzg2ZNcHsPvpUwkE7jKxwFN803aWzdo=", "last_login": "2019-02-04T17:08:15.948Z", "is_superuser": true, "username": "admin", "first_name": "admin", "last_name": "", "email": "yotakrasnodar@yandex.ru", "is_staff": true, "is_active": true, "date_joined": "2019-01-09T09:18:06.947Z", "avatar": "", "age": 22, "activation_key": "", "activation_key_expires": "2019-03-17T16:34:35.399Z", "groups": [], "user_permissions": []}}, {"model": "authapp.shopuser", "pk": 2, "fields": {"password": "pbkdf2_sha256$120000$INeR9DeCbJkR$ryLztn1Ld/AV9ViKe02yHg16PIYCmAwXhVfEbEtIZKI=", "last_login": "2019-02-20T10:23:51.062Z", "is_superuser": false, "username": "dante", "first_name": "dante", "last_name": "", "email": "test@test.ru", "is_staff": false, "is_active": true, "date_joined": "2019-01-09T16:53:10.265Z", "avatar": "", "age": 2830, "activation_key": "", "activation_key_expires": "2019-03-17T16:34:35.399Z", "groups": [], "user_permissions": []}}, {"model": "authapp.shopuser", "pk": 3, "fields": {"password": "pbkdf2_sha256$120000$iYQ73zBsyZ8a$nFL1X8iwJ/HJRF6KcXXUuPJCsw7InhF1RG5OLAs2Mho=", "last_login": null, "is_superuser": false, "username": "adad", "first_name": "adad", "last_name": "", "email": "test@test.ru", "is_staff": false, "is_active": false, "date_joined": "2019-01-28T12:52:28.797Z", "avatar": "", "age": 123, "activation_key": "", "activation_key_expires": "2019-03-17T16:34:35.399Z", "groups": [], "user_permissions": []}}, {"model": "authapp.shopuser", "pk": 4, "fields": {"password": "pbkdf2_sha256$120000$M8dRukvovWVg$98DTp3qscBP71HJiZZZmVGhhiOtyhd4l+h8GbKUVdvM=", "last_login": null, "is_superuser": false, "username": "adadad", "first_name": "adadad", "last_name": "", "email": "test@test.ru", "is_staff": false, "is_active": false, "date_joined": "2019-01-28T13:07:17.955Z", "avatar": "", "age": 123, "activation_key": "874625a725eac445b1dbd6494d5066a87cd5e1bc", "activation_key_expires": "2019-03-17T16:34:35.399Z", "groups": [], "user_permissions": []}}, {"model": "authapp.shopuser", "pk": 5, "fields": {"password": "pbkdf2_sha256$120000$TvM7IBWCyMNI$CH0zVuaRTj9+BUrVXZYOyT/Ic6LuUSTMZfR2FOH4CKc=", "last_login": null, "is_superuser": false, "username": "qwe", "first_name": "qwe", "last_name": "", "email": "test@test.ru", "is_staff": false, "is_active": false, "date_joined": "2019-01-28T16:17:25.234Z", "avatar": "", "age": 123, "activation_key": "8aa5836dc6093241cb06219fba08cf6628e5d571", "activation_key_expires": "2019-03-17T16:34:35.399Z", "groups": [], "user_permissions": []}}, {"model": "authapp.shopuser", "pk": 6, "fields": {"password": "pbkdf2_sha256$120000$LDlvr8o8WwKB$8TVr+0LVGeXKKMoJ4qU2RIKQt0fP8qnEAid3zM0cp9I=", "last_login": null, "is_superuser": false, "username": "asd", "first_name": "asd", "last_name": "", "email": "test1@test.ru", "is_staff": false, "is_active": false, "date_joined": "2019-01-28T16:20:40.580Z", "avatar": "", "age": 123, "activation_key": "8e20c671e6661d71e5e824be004450096f029cad", "activation_key_expires": "2019-03-17T16:34:35.399Z", "groups": [], "user_permissions": []}}, {"model": "authapp.shopuser", "pk": 7, "fields": {"password": "pbkdf2_sha256$120000$MoXMVSx5zvTQ$aSRSeGZGdUpK+4Cx+sL+XiC1KlQMf2xkm0XI8XJKIPk=", "last_login": null, "is_superuser": false, "username": "qwer", "first_name": "qwer", "last_name": "", "email": "test2@test.ru", "is_staff": false, "is_active": false, "date_joined": "2019-01-28T16:23:46.792Z", "avatar": "", "age": 123, "activation_key": "20e4c47e8d86ca4e314a502acde94b08b70aee0f", "activation_key_expires": "2019-03-17T16:34:35.399Z", "groups": [], "user_permissions": []}}, {"model": "authapp.shopuser", "pk": 8, "fields": {"password": "pbkdf2_sha256$120000$qr7XIqpuzxSR$E80FAH3GoH6Kjjvs4k7sbeTXFfdMlin5Yy+3VlLvA+0=", "last_login": "2019-01-28T16:35:12.613Z", "is_superuser": false, "username": "qwert", "first_name": "qwert", "last_name": "", "email": "test4@test.ru", "is_staff": false, "is_active": true, "date_joined": "2019-01-28T16:30:16.962Z", "avatar": "", "age": 122, "activation_key": "41f59c9308e6652c4a10528449ee043d9c49f385", "activation_key_expires": "2019-03-17T16:34:35.399Z", "groups": [], "user_permissions": []}}, {"model": "authapp.shopuser", "pk": 9, "fields": {"password": "!eLNEQV1XTEJ3Qieu3XUCORGhmuzilEuTtqlVwX00", "last_login": "2019-02-20T10:27:27.131Z", "is_superuser": true, "username": "a.gukov.cherkizovo", "first_name": "Aleksey", "last_name": "Gukov", "email": "a.gukov.cherkizovo@gmail.com", "is_staff": false, "is_active": true, "date_joined": "2019-02-04T16:33:46Z", "avatar": "", "age": 23, "activation_key": "", "activation_key_expires": "2019-03-24T16:28:18Z", "groups": [], "user_permissions": []}}, {"model": "authapp.shopuserprofile", "pk": 1, "fields": {"user": 1, "tagline": "", "aboutMe": "", "gender": ""}}, {"model": "authapp.shopuserprofile", "pk": 2, "fields": {"user": 2, "tagline": "", "aboutMe": "", "gender": ""}}, {"model": "authapp.shopuserprofile", "pk": 3, "fields": {"user": 3, "tagline": "", "aboutMe": "", "gender": ""}}, {"model": "authapp.shopuserprofile", "pk": 4, "fields": {"user": 4, "tagline": "", "aboutMe": "", "gender": ""}}, {"model": "authapp.shopuserprofile", "pk": 5, "fields": {"user": 5, "tagline": "", "aboutMe": "", "gender": ""}}, {"model": "authapp.shopuserprofile", "pk": 6, "fields": {"user": 6, "tagline": "", "aboutMe": "", "gender": ""}}, {"model": "authapp.shopuserprofile", "pk": 7, "fields": {"user": 7, "tagline": "", "aboutMe": "", "gender": ""}}, {"model": "authapp.shopuserprofile", "pk": 8, "fields": {"user": 8, "tagline": "", "aboutMe": "", "gender": ""}}, {"model": "authapp.shopuserprofile", "pk": 9, "fields": {"user": 9, "tagline": "", "aboutMe": "", "gender": "M"}}, {"model": "basketapp.basket", "pk": 2, "fields": {"user": 2, "product": 3, "quantity": 1, "add_datetime": "2019-01-10T16:19:26.700Z"}}, {"model": "basketapp.basket", "pk": 3, "fields": {"user": 2, "product": 1, "quantity": 3, "add_datetime": "2019-01-10T16:31:38.938Z"}}, {"model": "basketapp.basket", "pk": 4, "fields": {"user": 1, "product": 1, "quantity": 1, "add_datetime": "2019-01-28T16:42:28.535Z"}}, {"model": "social_django.usersocialauth", "pk": 1, "fields": {"user": 9, "provider": "google-oauth2", "uid": "a.gukov.cherkizovo@gmail.com", "extra_data": "{\"auth_time\": 1550658447, \"expires\": 3600, \"token_type\": \"Bearer\", \"access_token\": \"ya29.Gly2BvnvM80hdZ2KPRff6N9brZnxYB4_zrwM_HbCeIpALDfJP2NDbrxhbF9bm6npn4jpDuZJu786T8DGQ4Y9hRre1tpV1Ktg5mg1pzVHbolOw_Sz8__2HMZP1Nucnw\"}"}}, {"model": "ordersapp.order", "pk": 1, "fields": {"user": 9, "created": "2019-02-10T14:13:28.504Z", "updated": "2019-02-10T14:13:28.526Z", "status": "FM", "is_active": true}}, {"model": "ordersapp.order", "pk": 2, "fields": {"user": 9, "created": "2019-02-10T14:13:46.243Z", "updated": "2019-02-21T13:33:35.698Z", "status": "FM", "is_active": true}}, {"model": "ordersapp.order", "pk": 3, "fields": {"user": 9, "created": "2019-02-13T19:25:27.525Z", "updated": "2019-02-20T11:05:42.391Z", "status": "FM", "is_active": true}}, {"model": "ordersapp.order", "pk": 4, "fields": {"user": 9, "created": "2019-02-20T10:28:58.309Z", "updated": "2019-02-20T11:05:23.991Z", "status": "FM", "is_active": false}}, {"model": "ordersapp.order", "pk": 5, "fields": {"user": 9, "created": "2019-02-20T11:05:11.906Z", "updated": "2019-02-20T11:05:19.441Z", "status": "FM", "is_active": false}}, {"model": "ordersapp.order", "pk": 6, "fields": {"user": 9, "created": "2019-02-21T13:13:56.179Z", "updated": "2019-02-21T13:38:13.349Z", "status": "FM", "is_active": true}}, {"model": "ordersapp.orderitem", "pk": 1, "fields": {"order": 1, "product": 1, "quantity": 2}}, {"model": "ordersapp.orderitem", "pk": 2, "fields": {"order": 2, "product": 3, "quantity": 3}}, {"model": "ordersapp.orderitem", "pk": 3, "fields": {"order": 3, "product": 1, "quantity": 1}}, {"model": "ordersapp.orderitem", "pk": 4, "fields": {"order": 4, "product": 3, "quantity": 4}}, {"model": "ordersapp.orderitem", "pk": 5, "fields": {"order": 5, "product": 3, "quantity": 3}}, {"model": "ordersapp.orderitem", "pk": 6, "fields": {"order": 6, "product": 2, "quantity": 10}}]